Horodateur,Âge (en chiffre),Genre ,À quelle fréquence avez-vous des sentiments de déjà-vu ? ,A quelle fréquence faites-vous des cauchemars ?,Les rêves sont une expérience que j'apprécie. ,Rêvez-vous en couleur ou en noir et blanc ?,Mes rêves ont déjà influencé mes actions.,Je me souviens souvent de mes rêves.,J'ai déjà eu le sentiment que mes rêves étaient prémonitoires.,Je cherche la signification de mes rêves. ,Je fais des rêves lucides.,J'ai des expériences de paralysie du sommeil. ,J'ai des expériences de somnambulisme. ,Commentaires supplémentaires 
04/06/2025 16:15:10,19,Femme,Souvent,Je ne sais pas,Neutre,Je ne sais pas,D'accord,Pas du tout d'accord,D'accord,Rarement,Jamais,Jamais,Jamais,
04/06/2025 17:16:08,18,Femme,Très souvent,Rarement,D'accord,En couleur,Neutre,Pas d'accord,D'accord,Rarement,Rarement,Jamais,Rarement,
04/06/2025 17:53:57,19,Femme,Souvent,Rarement,D'accord,En couleur,D'accord,D'accord,D'accord,Rarement,Rarement,Jamais,Jamais,Kakou kakou
12/06/2025 13:59:40,16,Femme,Rarement,Rarement,D'accord,En couleur,Pas d'accord,D'accord,Pas d'accord,Rarement,Jamais,Jamais,Jamais,
12/06/2025 13:59:55,20,Femme,Souvent,Rarement,Totalement d'accord,En couleur,Totalement d'accord,D'accord,Totalement d'accord,Rarement,Jamais,Jamais,Jamais,
12/06/2025 14:03:22,49,Femme,Rarement,Rarement,D'accord,Je ne sais pas,Neutre,Pas d'accord,Pas d'accord,Rarement,Rarement,Rarement,Jamais,
12/06/2025 14:09:52,50,Homme,Rarement,Rarement,Totalement d'accord,En couleur,Totalement d'accord,D'accord,Totalement d'accord,Rarement,Rarement,Jamais,Jamais,
12/06/2025 14:21:58,18,Femme,Très souvent,Tout les jours,Pas d'accord,En couleur,D'accord,Totalement d'accord,D'accord,Jamais,Jamais,Jamais,Jamais,
12/06/2025 14:22:10,56,Femme,Rarement,Rarement,D'accord,En couleur,Pas d'accord,Pas d'accord,Pas d'accord,Jamais,Rarement,Rarement,Jamais,
12/06/2025 14:22:43,66,Femme,Jamais,Rarement,Neutre,Je ne sais pas,Neutre,Pas d'accord,Pas du tout d'accord,Souvent,Rarement,Souvent,Jamais,J aurai aimé la possibilité d avoir le choix de répondre ça dépend 
12/06/2025 14:26:05,18,Femme,Souvent,Rarement,D'accord,En couleur,Neutre,Totalement d'accord,D'accord,Rarement,Très souvent,Jamais,Rarement,
12/06/2025 14:26:38,18,Femme,Souvent,Souvent,D'accord,En couleur,D'accord,Pas d'accord,D'accord,Souvent,Rarement,Jamais,Jamais,
12/06/2025 14:26:50,28,Homme,Souvent,Rarement,D'accord,Je ne sais pas,Pas d'accord,Pas du tout d'accord,Pas du tout d'accord,Rarement,Jamais,Jamais,Rarement,
12/06/2025 14:27:07,,Femme,Rarement,Jamais,Neutre,Les deux,Neutre,D'accord,Pas du tout d'accord,Rarement,Jamais,Rarement,Jamais,
12/06/2025 14:29:07,19,Homme,Rarement,Rarement,Totalement d'accord,En couleur,D'accord,D'accord,Pas du tout d'accord,Très souvent,Rarement,Jamais,Jamais,
12/06/2025 14:30:44,18,Femme,Souvent,Rarement,D'accord,En couleur,D'accord,Pas d'accord,D'accord,Jamais,Souvent,Rarement,Jamais,
12/06/2025 14:36:53,18,Femme,Souvent,Rarement,D'accord,En couleur,Neutre,Pas d'accord,Pas d'accord,Rarement,Rarement,Jamais,Jamais,
12/06/2025 14:37:49,18,Femme,Souvent,Rarement,D'accord,En couleur,Pas d'accord,Pas d'accord,D'accord,Souvent,Jamais,Jamais,Jamais,
12/06/2025 14:44:41,18,Femme,Souvent,Souvent,Totalement d'accord,En couleur,D'accord,Totalement d'accord,Totalement d'accord,,Jamais,Jamais,Jamais,
12/06/2025 14:46:45,18,Femme,Souvent,Rarement,D'accord,En couleur,Neutre,Pas d'accord,D'accord,Rarement,Jamais,Jamais,Rarement,
12/06/2025 14:47:06,16,Femme,Rarement,Rarement,D'accord,En couleur,Pas d'accord,D'accord,D'accord,Rarement,Rarement,Jamais,Rarement,
12/06/2025 14:52:05,16,Femme,Très souvent,Rarement,D'accord,En couleur,Neutre,Pas d'accord,Pas du tout d'accord,Rarement,Jamais,Jamais,Jamais,
12/06/2025 14:57:00,20,Femme,Souvent,Rarement,D'accord,Je ne sais pas,Neutre,Pas d'accord,D'accord,Souvent,Rarement,Rarement,Jamais,
12/06/2025 14:58:48,19,Autre,Souvent,Rarement,Neutre,Je ne sais pas,D'accord,Pas d'accord,Totalement d'accord,Rarement,Jamais,Jamais,Jamais,
12/06/2025 15:00:14,19,Femme,Rarement,Souvent,Pas d'accord,Je ne sais pas,Neutre,D'accord,Pas d'accord,Très souvent,Souvent,Jamais,Jamais,
12/06/2025 15:00:58,18,Femme,Rarement,Rarement,Totalement d'accord,En couleur,D'accord,D'accord,D'accord,Très souvent,Jamais,Jamais,Rarement,
12/06/2025 15:02:05,,Femme,Jamais,Rarement,D'accord,En couleur,D'accord,Pas d'accord,Pas du tout d'accord,Jamais,Rarement,Jamais,Jamais,
12/06/2025 15:03:01,19,Femme,Rarement,Rarement,D'accord,En couleur,Neutre,Pas d'accord,Pas du tout d'accord,Rarement,Rarement,Rarement,Jamais,
12/06/2025 15:07:47,19,Femme,Souvent,Rarement,Neutre,Je ne sais pas,D'accord,Pas d'accord,Pas d'accord,Rarement,Jamais,Jamais,Jamais,
12/06/2025 15:14:24,50,Homme,Jamais,Rarement,D'accord,En couleur,Pas du tout d'accord,Pas d'accord,Pas d'accord,Jamais,Rarement,Jamais,Jamais,Il ne faut jamais cesser de rêver
12/06/2025 15:18:49,18,Femme,Rarement,Rarement,Neutre,Je ne sais pas,Neutre,Neutre,D'accord,Rarement,Jamais,Jamais,Jamais,
12/06/2025 15:37:48,19,Femme,Rarement,Souvent,D'accord,Je ne sais pas,Pas d'accord,D'accord,Pas du tout d'accord,Souvent,Jamais,Jamais,Jamais,
12/06/2025 15:40:09,42,Homme,Rarement,Rarement,Totalement d'accord,En couleur,D'accord,D'accord,D'accord,Très souvent,Souvent,Rarement,Jamais,Mes réponses aujourd'hui à 42 ans sont bien différentes que celles que j'aurais pu avoir plus jeune.
12/06/2025 15:42:59,19,Femme,Souvent,Rarement,Totalement d'accord,En couleur,Neutre,D'accord,Neutre,Rarement,Rarement,Jamais,Jamais,
12/06/2025 15:44:10,19,Homme,Très souvent,Souvent,Totalement d'accord,En couleur,D'accord,D'accord,D'accord,Rarement,Jamais,Souvent,Jamais,jtm
12/06/2025 15:44:15,18,Autre,Rarement,Rarement,Totalement d'accord,En couleur,Neutre,D'accord,Pas d'accord,Rarement,Jamais,Jamais,Jamais,
12/06/2025 15:44:23,20,Homme,Souvent,Souvent,Totalement d'accord,En couleur,D'accord,Pas d'accord,Pas d'accord,Très souvent,Rarement,Rarement,Jamais,
12/06/2025 15:45:00,18,Homme,Rarement,Rarement,Totalement d'accord,En couleur,Totalement d'accord,D'accord,Pas du tout d'accord,Souvent,Rarement,Jamais,Jamais,
12/06/2025 15:45:16,19,Femme,Souvent,Rarement,Totalement d'accord,En couleur,D'accord,Neutre,D'accord,Rarement,Jamais,Jamais,Jamais,Courage pour votre devoir ! 💫😌
12/06/2025 15:46:10,20,Femme,Rarement,Rarement,Totalement d'accord,En couleur,Neutre,D'accord,Pas d'accord,Très souvent,Jamais,Rarement,Jamais,
12/06/2025 15:47:10,19,Femme,Souvent,Rarement,Totalement d'accord,Je ne sais pas,Pas d'accord,Neutre,D'accord,Rarement,Rarement,Jamais,Jamais,
12/06/2025 15:47:15,18,Homme,Souvent,Rarement,D'accord,En couleur,Neutre,Pas d'accord,Neutre,Rarement,Jamais,Jamais,Jamais,
12/06/2025 15:47:36,16,Femme,Rarement,Rarement,D'accord,En couleur,Pas d'accord,Neutre,Pas d'accord,Souvent,Jamais,Jamais,Rarement,
12/06/2025 15:48:41,18,Homme,Rarement,Rarement,Totalement d'accord,En couleur,Neutre,Pas d'accord,Pas d'accord,Rarement,Rarement,Jamais,Jamais,
12/06/2025 15:49:01,19,Homme,Souvent,Rarement,Totalement d'accord,En couleur,Pas d'accord,D'accord,Pas du tout d'accord,Jamais,Jamais,Jamais,Jamais,
12/06/2025 15:49:22,18,Femme,Rarement,Rarement,Totalement d'accord,En couleur,Pas d'accord,Pas d'accord,Neutre,Souvent,Jamais,Jamais,Jamais,
12/06/2025 15:50:08,19,Autre,Souvent,Rarement,Pas d'accord,En couleur,Pas du tout d'accord,Pas d'accord,Neutre,Jamais,Jamais,Jamais,Très souvent,
12/06/2025 15:50:35,19,Femme,Souvent,Souvent,Pas d'accord,En couleur,Neutre,Totalement d'accord,Neutre,Souvent,Souvent,Jamais,Jamais,
12/06/2025 15:51:01,18,Femme,Souvent,Jamais,D'accord,En couleur,D'accord,D'accord,Pas du tout d'accord,Jamais,Jamais,Jamais,Jamais,
12/06/2025 15:52:52,18,Autre,Souvent,Souvent,Pas d'accord,En couleur,D'accord,Neutre,Pas d'accord,Souvent,Jamais,Souvent,Rarement,
12/06/2025 15:53:53,18,Homme,Rarement,Rarement,D'accord,En couleur,Pas d'accord,Pas d'accord,Neutre,Rarement,Rarement,Jamais,Rarement,
12/06/2025 15:55:59,18,Homme,Souvent,Rarement,Neutre,En couleur,D'accord,Pas du tout d'accord,D'accord,Rarement,Souvent,Jamais,Jamais,
12/06/2025 15:57:14,17,Autre,Rarement,Souvent,D'accord,En couleur,D'accord,D'accord,Pas d'accord,Souvent,Souvent,Jamais,Jamais,
12/06/2025 15:59:49,17,Femme,Souvent,Souvent,Neutre,En couleur,D'accord,D'accord,Neutre,Très souvent,Souvent,Jamais,Jamais,
12/06/2025 16:00:16,18,Femme,Jamais,Rarement,D'accord,Je ne sais pas,Pas d'accord,Neutre,Pas d'accord,Rarement,Rarement,Jamais,Jamais,
12/06/2025 16:01:09,19,Femme,Rarement,Souvent,D'accord,En couleur,Neutre,D'accord,Pas d'accord,Souvent,Rarement,Jamais,Jamais,
12/06/2025 16:02:57,19,Femme,Rarement,Rarement,Neutre,En couleur,D'accord,Pas d'accord,Neutre,Très souvent,Jamais,Jamais,Jamais,
12/06/2025 16:03:27,18,Homme,Rarement,Jamais,D'accord,En couleur,Pas du tout d'accord,Pas d'accord,Pas du tout d'accord,Rarement,Jamais,Jamais,Jamais,
12/06/2025 16:05:24,19,Homme,Jamais,Rarement,Totalement d'accord,En couleur,Totalement d'accord,Neutre,D'accord,Souvent,Rarement,Jamais,Jamais,
12/06/2025 16:09:33,21,Homme,Souvent,Souvent,Pas d'accord,En couleur,Neutre,Pas d'accord,Pas d'accord,Jamais,Souvent,Jamais,Jamais,
12/06/2025 16:10:06,19,Femme,Souvent,Jamais,D'accord,En couleur,D'accord,Pas d'accord,Pas d'accord,Rarement,Rarement,Jamais,Jamais,Courage pour ls partiels ;)
12/06/2025 16:13:51,19,Femme,Souvent,Rarement,D'accord,En couleur,D'accord,D'accord,D'accord,Rarement,Rarement,Jamais,Jamais,
12/06/2025 16:15:43,18,Femme,Très souvent,Rarement,D'accord,En couleur,D'accord,D'accord,Totalement d'accord,Jamais,Jamais,Rarement,Rarement,
12/06/2025 16:16:06,18,Homme,Rarement,Rarement,Pas d'accord,En couleur,Neutre,Pas d'accord,Pas du tout d'accord,Jamais,Souvent,Rarement,Jamais,
12/06/2025 16:22:26,19,Femme,Rarement,Rarement,Neutre,Je ne sais pas,Neutre,Neutre,Pas d'accord,Jamais,Souvent,Jamais,Jamais,
12/06/2025 16:26:54,19,Femme,Très souvent,Rarement,Neutre,En couleur,Pas d'accord,D'accord,Pas du tout d'accord,Souvent,Jamais,Rarement,Jamais,
12/06/2025 16:28:47,19,Femme,Souvent,Rarement,D'accord,En couleur,Neutre,Neutre,Pas d'accord,Jamais,Rarement,Jamais,Jamais,
12/06/2025 16:32:24,19,Femme,Souvent,Rarement,Totalement d'accord,En couleur,Neutre,D'accord,Pas d'accord,Rarement,Souvent,Jamais,Jamais,
12/06/2025 16:36:53,18,Femme,Rarement,Jamais,Totalement d'accord,En couleur,,Neutre,Pas du tout d'accord,Souvent,Rarement,Jamais,Jamais,
12/06/2025 16:42:46,17,Homme,Rarement,Rarement,Neutre,En couleur,D'accord,Pas du tout d'accord,Pas d'accord,Jamais,Jamais,Jamais,Jamais,
12/06/2025 16:47:37,18,Femme,Souvent,Rarement,Neutre,En couleur,Pas du tout d'accord,Pas du tout d'accord,D'accord,Rarement,Rarement,Jamais,Jamais,
12/06/2025 16:49:37,48,Femme,Souvent,Rarement,D'accord,Je ne sais pas,Neutre,Pas d'accord,Pas d'accord,Souvent,Rarement,Jamais,Jamais,
12/06/2025 16:56:16,43,Homme,Rarement,Rarement,Totalement d'accord,En couleur,Pas du tout d'accord,D'accord,D'accord,Souvent,Jamais,Jamais,Jamais,
12/06/2025 16:58:36,18,Femme,Très souvent,Rarement,Pas d'accord,En couleur,Pas d'accord,D'accord,Pas d'accord,Rarement,Rarement,Rarement,Rarement,
12/06/2025 17:03:53,43,Homme,Rarement,Jamais,Totalement d'accord,Les deux,Neutre,Pas d'accord,Neutre,Jamais,Souvent,Jamais,Jamais,
12/06/2025 17:06:46,19,Femme,Souvent,Rarement,Totalement d'accord,En couleur,Neutre,D'accord,Pas d'accord,Rarement,Rarement,Jamais,Jamais,
12/06/2025 17:07:06,19,Femme,Rarement,Rarement,Neutre,En couleur,D'accord,D'accord,Pas du tout d'accord,Très souvent,Rarement,Jamais,Jamais,
12/06/2025 17:08:18,20,Femme,Jamais,Rarement,Totalement d'accord,En couleur,Neutre,D'accord,Pas du tout d'accord,Rarement,Jamais,Jamais,Jamais,Rêves en pdv omniscient (comme si une caméra filmait)
12/06/2025 17:12:33,18,Femme,Souvent,Rarement,D'accord,Je ne sais pas,Pas d'accord,D'accord,D'accord,Rarement,Rarement,Jamais,Jamais,
12/06/2025 17:18:17,18,Femme,Souvent,Rarement,Totalement d'accord,En couleur,Totalement d'accord,D'accord,Neutre,Très souvent,Rarement,Jamais,Rarement,
12/06/2025 17:22:06,20,Femme,Souvent,Rarement,Totalement d'accord,En couleur,Pas du tout d'accord,Totalement d'accord,Pas du tout d'accord,Rarement,Souvent,Jamais,Jamais,
12/06/2025 17:22:33,21,Femme,Souvent,Rarement,D'accord,Je ne sais pas,Pas d'accord,Pas d'accord,Pas du tout d'accord,Rarement,Jamais,Jamais,Jamais,
12/06/2025 17:28:58,19,Femme,Souvent,Tous les jours,D'accord,En couleur,Pas d'accord,Totalement d'accord,Pas du tout d'accord,Rarement,Rarement,Souvent,Jamais,
12/06/2025 17:29:21,45,Homme,Rarement,Rarement,D'accord,Je ne sais pas,Pas d'accord,D'accord,Pas du tout d'accord,Jamais,Rarement,Jamais,Jamais,
12/06/2025 17:33:19,19,Femme,Souvent,Rarement,Totalement d'accord,Je ne sais pas,Neutre,Neutre,Pas d'accord,Rarement,Jamais,Jamais,Jamais,
12/06/2025 17:36:56,18,Femme,Rarement,Rarement,Neutre,En couleur,Pas du tout d'accord,Pas du tout d'accord,D'accord,Jamais,Jamais,Jamais,Rarement,
12/06/2025 17:37:38,22,Femme,Rarement,Souvent,Totalement d'accord,En couleur,Neutre,Totalement d'accord,Pas d'accord,Rarement,Jamais,Jamais,Jamais,
12/06/2025 17:45:03,18,Femme,Très souvent,Souvent,D'accord,En couleur,D'accord,D'accord,D'accord,Très souvent,Rarement,Rarement,Jamais,
12/06/2025 17:49:40,18,Femme,Rarement,Rarement,D'accord,En couleur,D'accord,D'accord,D'accord,Souvent,Rarement,Rarement,Rarement,RAS
12/06/2025 17:49:50,18,Femme,Très souvent,Rarement,D'accord,Les deux,Totalement d'accord,Neutre,Totalement d'accord,Rarement,Souvent,Jamais,Rarement,
12/06/2025 17:55:35,19,Femme,Rarement,Souvent,D'accord,En couleur,D'accord,Pas d'accord,Neutre,Rarement,Jamais,Jamais,Jamais,
12/06/2025 18:03:25,19,Femme,Souvent,Souvent,D'accord,En couleur,D'accord,Pas d'accord,Pas du tout d'accord,Jamais,Rarement,Souvent,Jamais,
12/06/2025 18:05:08,19,Femme,Très souvent,Je ne sais pas,D'accord,Les deux,D'accord,Pas d'accord,Pas du tout d'accord,Rarement,Jamais,Jamais,Jamais,
12/06/2025 18:09:41,18,Femme,Rarement,Souvent,Totalement d'accord,En couleur,Pas du tout d'accord,Neutre,Pas du tout d'accord,Rarement,Jamais,Jamais,Jamais,
12/06/2025 18:10:52,18,Femme,Souvent,Rarement,Totalement d'accord,En couleur,Pas d'accord,D'accord,Pas d'accord,Rarement,Jamais,Jamais,Rarement,
12/06/2025 18:11:31,54,Femme,Rarement,Rarement,Neutre,En couleur,Pas du tout d'accord,D'accord,Pas du tout d'accord,Jamais,Rarement,Jamais,Jamais,
12/06/2025 18:18:55,21,Femme,Souvent,Rarement,D'accord,Je ne sais pas,Neutre,Neutre,Neutre,Souvent,Rarement,Rarement,Jamais,
12/06/2025 18:19:31,Soixante deux ans ,Femme,Rarement,Rarement,D'accord,Je ne sais pas,Neutre,D'accord,Pas d'accord,Jamais,Jamais,Jamais,Jamais,
12/06/2025 18:27:57,20,Femme,Jamais,Rarement,Pas d'accord,En couleur,D'accord,Pas d'accord,Pas d'accord,Souvent,Souvent,Jamais,Rarement,
12/06/2025 18:28:14,55,Femme,Rarement,Rarement,Neutre,Je ne sais pas,Pas du tout d'accord,Neutre,Neutre,Jamais,Rarement,Jamais,Jamais,
12/06/2025 18:33:03,51,Femme,Jamais,Rarement,Neutre,Je ne sais pas,Neutre,Pas d'accord,Pas d'accord,Jamais,Jamais,Jamais,Jamais,
12/06/2025 18:35:27,55 ans ,Femme,Rarement,Rarement,D'accord,En couleur,Neutre,D'accord,Neutre,Souvent,Rarement,Souvent,Jamais,
12/06/2025 18:41:51,22,Femme,Rarement,Rarement,D'accord,En couleur,Pas d'accord,D'accord,Pas d'accord,Jamais,Rarement,Jamais,Jamais,
12/06/2025 18:42:15,20 ans ,Femme,Souvent,Rarement,D'accord,Je ne sais pas,Pas d'accord,Neutre,Pas d'accord,Rarement,Jamais,Jamais,Jamais,
12/06/2025 18:42:30,20 ans,Femme,Souvent,Rarement,Totalement d'accord,En couleur,,Neutre,Pas d'accord,Très souvent,Souvent,Rarement,Jamais,
12/06/2025 18:46:12,47,Homme,Souvent,Rarement,Neutre,Je ne sais pas,D'accord,Pas d'accord,Neutre,Rarement,Rarement,Jamais,Jamais,
12/06/2025 18:46:35,38,Femme,Rarement,Rarement,Totalement d'accord,Je ne sais pas,Pas d'accord,D'accord,Pas d'accord,Rarement,Rarement,Jamais,Jamais,
12/06/2025 18:50:48,40,Femme,Rarement,Rarement,D'accord,En couleur,D'accord,Pas d'accord,D'accord,Très souvent,Souvent,Jamais,Jamais,Bonne continuation à vous 
12/06/2025 18:51:32,19,Femme,Souvent,Rarement,Neutre,En couleur,Totalement d'accord,Totalement d'accord,Neutre,Souvent,Jamais,Jamais,Jamais,"Parfois j’ai des souvenirs dont il m’est impossible d’être certaine qu’ils étaient réels (et pas rêvés), je ne sais plus distinguer le faux du vrai tant mes rêves sont parfois réalistes."
12/06/2025 18:55:41,19,Homme,Rarement,Rarement,Totalement d'accord,En couleur,D'accord,Neutre,Pas d'accord,Jamais,Jamais,Jamais,Jamais,
12/06/2025 19:01:06,18,Femme,Rarement,Souvent,D'accord,En couleur,Pas d'accord,D'accord,Pas d'accord,Rarement,Souvent,Jamais,Rarement,
12/06/2025 19:03:00,52,Femme,Rarement,Rarement,Neutre,En couleur,D'accord,D'accord,Totalement d'accord,Jamais,Jamais,Jamais,Jamais,"Se sentir déçu à son réveil, par un évènement positif pendant le rêve,  là où la réalité nous rattrape au réveil. Exemple réussite à un examen, que l'on doit passer, ou pour lequel nous avons échoué. Relation avec une personne que l'on connaît mais que l'on aurait jamais imaginé "
12/06/2025 19:04:42,34,Femme,Rarement,Rarement,D'accord,En couleur,Neutre,D'accord,Pas d'accord,Très souvent,Très souvent,Rarement,Jamais,
12/06/2025 19:12:14,19,Autre,Rarement,Souvent,Totalement d'accord,En couleur,Totalement d'accord,Totalement d'accord,Pas d'accord,Souvent,Jamais,Jamais,Jamais,
12/06/2025 19:14:48,19,Femme,Rarement,Souvent,D'accord,En couleur,D'accord,D'accord,Pas d'accord,Très souvent,Jamais,Jamais,Jamais,
12/06/2025 19:15:05,19,Femme,Rarement,Souvent,Neutre,En couleur,D'accord,D'accord,Totalement d'accord,Très souvent,Rarement,Jamais,Jamais,
12/06/2025 19:16:33,18,Homme,Très souvent,Rarement,Totalement d'accord,En couleur,D'accord,Totalement d'accord,Pas d'accord,Souvent,Rarement,Jamais,Jamais,
12/06/2025 19:16:58,19,Femme,Rarement,Rarement,Totalement d'accord,En couleur,D'accord,Totalement d'accord,D'accord,Très souvent,Jamais,Jamais,Jamais,
12/06/2025 19:17:19,30,Femme,Rarement,Rarement,Neutre,En noir et blanc,Neutre,Pas d'accord,D'accord,Souvent,Rarement,Jamais,Jamais,
12/06/2025 19:18:11,18,Femme,Souvent,Rarement,D'accord,En couleur,D'accord,Neutre,D'accord,Très souvent,Jamais,Jamais,Jamais,Bon courage !
12/06/2025 19:18:48,18,Femme,Souvent,Rarement,D'accord,En couleur,D'accord,Neutre,Neutre,Très souvent,Rarement,Jamais,Jamais,
12/06/2025 19:20:44,20,Femme,Souvent,Rarement,D'accord,En couleur,Neutre,D'accord,Neutre,Très souvent,Très souvent,Jamais,Jamais,Loanne la Cailler 
12/06/2025 19:21:06,50,Femme,Rarement,Rarement,Totalement d'accord,En couleur,Neutre,D'accord,Neutre,Rarement,Souvent,Jamais,Jamais,
12/06/2025 19:22:01,18,Femme,Souvent,Souvent,Totalement d'accord,En couleur,Neutre,Totalement d'accord,D'accord,Rarement,Souvent,Rarement,Rarement,
12/06/2025 19:27:27,18,Femme,Rarement,Jamais,D'accord,En couleur,Pas du tout d'accord,Pas du tout d'accord,Pas du tout d'accord,Jamais,Jamais,Jamais,Jamais,
12/06/2025 19:27:46,19,Femme,Souvent,Rarement,D'accord,En couleur,Pas d'accord,Neutre,Neutre,Souvent,Rarement,Jamais,Jamais,
12/06/2025 19:30:03,20,Femme,Rarement,Rarement,D'accord,En couleur,Neutre,D'accord,Neutre,Rarement,Jamais,Jamais,Jamais,
12/06/2025 19:31:03,19,Femme,Souvent,Rarement,Totalement d'accord,En couleur,D'accord,Totalement d'accord,D'accord,Rarement,Souvent,Jamais,Jamais,
12/06/2025 19:37:59,20,Femme,Rarement,Rarement,Neutre,Je ne sais pas,Pas d'accord,Neutre,Pas d'accord,Rarement,Jamais,Jamais,Jamais,
12/06/2025 19:38:00,21,Femme,Souvent,Rarement,Neutre,En couleur,Pas d'accord,D'accord,Pas du tout d'accord,Souvent,Rarement,Rarement,Jamais,
12/06/2025 19:38:24,19,Femme,Souvent,Souvent,Totalement d'accord,En couleur,D'accord,Totalement d'accord,D'accord,Très souvent,Jamais,Jamais,Rarement,
12/06/2025 19:49:49,20,Femme,Souvent,Souvent,Pas d'accord,En couleur,Pas du tout d'accord,Totalement d'accord,D'accord,Très souvent,Jamais,Jamais,Jamais,
12/06/2025 19:50:00,48,Femme,Rarement,Rarement,D'accord,En couleur,Neutre,Pas d'accord,D'accord,Souvent,Jamais,Jamais,Jamais,
12/06/2025 20:08:58,16,Femme,Rarement,Je ne sais pas,Neutre,En couleur,D'accord,Totalement d'accord,Totalement d'accord,Très souvent,Souvent,Jamais,Jamais,
12/06/2025 20:10:03,24,Femme,Jamais,Rarement,Totalement d'accord,En couleur,Totalement d'accord,Totalement d'accord,Totalement d'accord,Souvent,Souvent,Jamais,Jamais,
12/06/2025 20:15:30,20 ans ,Femme,Rarement,Rarement,D'accord,Je ne sais pas,Neutre,D'accord,D'accord,Jamais,Rarement,Jamais,Jamais,
12/06/2025 20:24:39,19,Femme,Rarement,Souvent,Totalement d'accord,En couleur,D'accord,Totalement d'accord,D'accord,Très souvent,Très souvent,Jamais,Jamais,
12/06/2025 20:30:35,20,Femme,Rarement,Jamais,Totalement d'accord,En couleur,Pas d'accord,D'accord,Pas d'accord,Jamais,Rarement,Jamais,Jamais,
12/06/2025 20:40:12,49,Homme,Rarement,Rarement,Neutre,En couleur,Pas d'accord,Pas d'accord,D'accord,Très souvent,Jamais,Jamais,Jamais,J’ai l’impression que plus je prends de l’âge et moins je rêve (dans mon sommeil 😉).
12/06/2025 20:42:17,20,Homme,Souvent,Jamais,D'accord,Les deux,D'accord,Neutre,Pas d'accord,Rarement,Rarement,Jamais,Rarement,
12/06/2025 20:42:36,42,Femme,Souvent,Rarement,Totalement d'accord,En couleur,Totalement d'accord,Neutre,Totalement d'accord,Jamais,Souvent,Rarement,Jamais,
12/06/2025 20:43:10,19,Femme,Souvent,Rarement,Pas d'accord,En couleur,Pas d'accord,Pas d'accord,Pas d'accord,Jamais,Souvent,Rarement,Jamais,
12/06/2025 20:43:28,18,Femme,Rarement,Rarement,D'accord,En couleur,D'accord,Pas d'accord,Pas d'accord,Jamais,Jamais,Jamais,Jamais,
12/06/2025 21:05:10,18,Femme,Souvent,Rarement,Totalement d'accord,En couleur,Pas d'accord,D'accord,Pas d'accord,Souvent,Très souvent,Rarement,Jamais,
12/06/2025 21:07:01,,Femme,Souvent,Rarement,D'accord,En couleur,Neutre,D'accord,Neutre,Souvent,Rarement,Rarement,Jamais,
12/06/2025 21:23:43,18,Femme,Souvent,Rarement,Neutre,En couleur,D'accord,Pas d'accord,Neutre,Souvent,Rarement,Jamais,Rarement,
12/06/2025 21:25:58,,Femme,Rarement,Rarement,Neutre,En couleur,Pas du tout d'accord,D'accord,D'accord,Souvent,Jamais,Rarement,Jamais,
12/06/2025 21:29:04,19,Femme,Rarement,Rarement,Pas d'accord,En couleur,D'accord,D'accord,Pas d'accord,Souvent,Rarement,Jamais,Jamais,C'est normal de rêver quasiment jamais ? Un rêve=un cauchemard : 1 par mois environ pour chaque.  Courage pour analyser les données !
12/06/2025 21:31:46,19,Femme,Rarement,Rarement,Totalement d'accord,En couleur,Totalement d'accord,Pas d'accord,Pas d'accord,Souvent,Souvent,Jamais,Jamais,
12/06/2025 21:47:20,30,Femme,Rarement,Rarement,D'accord,En couleur,Pas d'accord,D'accord,Pas du tout d'accord,Rarement,Souvent,Jamais,Jamais,
12/06/2025 22:01:45,,Femme,Souvent,Rarement,D'accord,En couleur,D'accord,Pas du tout d'accord,D'accord,Souvent,Souvent,Rarement,Jamais,
12/06/2025 22:02:46,19,Femme,Souvent,Rarement,D'accord,En couleur,Neutre,D'accord,D'accord,Souvent,Jamais,Jamais,Jamais,"Je rêve pas de trucs de fou, juste des journées basiques comme si j'allais à la fac et je trouve ça super nul (genre j'ai jamais volé, y'a jamais de monstre, pas de trucs fantaisistes etc) "
12/06/2025 22:17:44,,Femme,Jamais,Rarement,D'accord,En couleur,Neutre,Totalement d'accord,Pas d'accord,Souvent,Jamais,Jamais,Jamais,
12/06/2025 22:17:57,,,,,,,,,,,,,Jamais,
12/06/2025 22:22:53,33,Femme,Rarement,Je ne sais pas,D'accord,En couleur,Neutre,Pas du tout d'accord,Pas d'accord,Rarement,Rarement,Jamais,Jamais,
12/06/2025 22:49:58,18,Homme,Rarement,Rarement,Totalement d'accord,En couleur,Pas du tout d'accord,D'accord,Pas du tout d'accord,Jamais,Souvent,Jamais,Jamais,
12/06/2025 22:53:21,19,Femme,Très souvent,Souvent,Neutre,En couleur,Neutre,D'accord,D'accord,Rarement,Rarement,Jamais,Souvent,
12/06/2025 23:23:46,19,Homme,Rarement,Rarement,D'accord,Je ne sais pas,Pas du tout d'accord,D'accord,Pas d'accord,Rarement,Jamais,Jamais,Jamais,
12/06/2025 23:50:11,19,Femme,Souvent,Rarement,Totalement d'accord,En couleur,Neutre,Totalement d'accord,D'accord,Rarement,Souvent,Jamais,Jamais,
13/06/2025 00:14:21,15,Femme,Rarement,Rarement,Pas d'accord,En couleur,Pas du tout d'accord,Pas d'accord,Pas du tout d'accord,Jamais,Jamais,Jamais,Rarement,
13/06/2025 00:26:15,16,Femme,Très souvent,Rarement,Totalement d'accord,En couleur,D'accord,D'accord,D'accord,Très souvent,Souvent,Jamais,Jamais,
13/06/2025 00:44:18,52,Femme,Souvent,Rarement,Totalement d'accord,En couleur,D'accord,D'accord,Pas d'accord,Très souvent,Souvent,Souvent,Jamais,
13/06/2025 00:48:45,20,Femme,Souvent,Rarement,Neutre,En couleur,Pas du tout d'accord,D'accord,Totalement d'accord,Rarement,Jamais,Rarement,Rarement,
13/06/2025 01:23:03,19,Femme,Très souvent,Rarement,Totalement d'accord,En couleur,Totalement d'accord,Totalement d'accord,Totalement d'accord,Souvent,Souvent,Rarement,Jamais,
13/06/2025 01:41:05,19,Homme,Rarement,Rarement,D'accord,En couleur,Pas d'accord,Neutre,Totalement d'accord,Jamais,Jamais,Rarement,Jamais,
13/06/2025 07:17:11,51,Femme,Rarement,Rarement,Neutre,Je ne sais pas,Pas du tout d'accord,Pas d'accord,Pas du tout d'accord,Jamais,Rarement,Jamais,Jamais,
13/06/2025 07:21:02,19,Homme,Rarement,Souvent,Pas d'accord,Les deux,D'accord,Neutre,Totalement d'accord,Rarement,Souvent,Jamais,Jamais,
13/06/2025 08:37:58,23,Je ne souhaite pas répondre,Rarement,Souvent,D'accord,En couleur,D'accord,D'accord,Pas du tout d'accord,Souvent,Rarement,Rarement,Jamais,"Il y a un monde entre souvent et rarement, possible de rajouter une catégorie ""de temps en temps"" ou quelque chose comme ça ? "
13/06/2025 09:17:28,18,Femme,Rarement,Souvent,Neutre,En couleur,Totalement d'accord,D'accord,Neutre,Jamais,Rarement,Jamais,Jamais,
13/06/2025 09:41:40,18,Femme,Souvent,Rarement,Totalement d'accord,En couleur,Pas d'accord,Totalement d'accord,Pas du tout d'accord,Souvent,Jamais,Jamais,Rarement,Mes expériences de somnambulisme se résument à éteindre mon réveil sans m'en souvenir le lendemain et à parler / rire / chanter dans mon sommeil.
13/06/2025 10:04:18,43,Femme,Souvent,Rarement,Pas d'accord,En couleur,Pas du tout d'accord,Pas d'accord,Neutre,Rarement,Souvent,Jamais,Rarement,
13/06/2025 10:21:38,44,Femme,Souvent,Souvent,D'accord,En couleur,Totalement d'accord,Totalement d'accord,D'accord,Souvent,Souvent,Jamais,Jamais,
13/06/2025 11:12:12,19,Je ne souhaite pas répondre,Souvent,Souvent,Neutre,En couleur,D'accord,D'accord,D'accord,Très souvent,Jamais,Jamais,Jamais,
13/06/2025 11:50:15,20,Femme,Rarement,Rarement,D'accord,En couleur,Neutre,D'accord,Neutre,Très souvent,Rarement,Jamais,Jamais,
13/06/2025 11:53:02,16,Femme,Rarement,Rarement,Totalement d'accord,En couleur,D'accord,D'accord,Neutre,Souvent,Souvent,Jamais,Rarement,
13/06/2025 13:31:40,18,Femme,Rarement,Souvent,D'accord,En couleur,Pas d'accord,Totalement d'accord,Pas d'accord,Souvent,Rarement,Jamais,Jamais,
13/06/2025 19:35:47,18,Femme,Souvent,Rarement,Neutre,En couleur,D'accord,Pas d'accord,Pas d'accord,Souvent,Jamais,Rarement,Jamais,
13/06/2025 19:38:24,18,Femme,Souvent,Rarement,Neutre,En couleur,Neutre,D'accord,Pas d'accord,Jamais,Rarement,Jamais,Rarement,
13/06/2025 21:22:39,16,Femme,Très souvent,Souvent,D'accord,Je ne sais pas,Totalement d'accord,D'accord,Neutre,Rarement,Rarement,Jamais,Jamais,
14/06/2025 10:28:18,51,Femme,Souvent,Rarement,D'accord,En couleur,D'accord,D'accord,D'accord,Souvent,Rarement,Rarement,Jamais,
14/06/2025 20:21:20,23,Homme,Rarement,Rarement,Neutre,En couleur,Pas du tout d'accord,D'accord,Pas du tout d'accord,Rarement,Jamais,Jamais,Jamais,Arrêtez de rêver votre vie et vivez la
14/06/2025 20:37:00,48,Femme,Souvent,Rarement,Pas d'accord,Je ne sais pas,D'accord,Pas d'accord,Neutre,Souvent,Rarement,Jamais,Jamais,
14/06/2025 20:38:29,35,Femme,Très souvent,Rarement,D'accord,Je ne sais pas,Neutre,Pas d'accord,Neutre,Jamais,Jamais,Jamais,Jamais,
15/06/2025 09:42:25,22,Femme,Souvent,Rarement,Neutre,En couleur,Pas d'accord,Pas d'accord,D'accord,Très souvent,Souvent,Jamais,Jamais,
16/06/2025 09:27:04,18,Femme,Souvent,Souvent,D'accord,En couleur,D'accord,Totalement d'accord,D'accord,Rarement,Très souvent,Jamais,Rarement,
16/06/2025 09:32:08,19,Femme,Rarement,Rarement,D'accord,En couleur,Pas d'accord,D'accord,Pas d'accord,Rarement,Jamais,Rarement,Jamais,
16/06/2025 09:34:52,18,Femme,Rarement,Rarement,Neutre,Les deux,D'accord,Neutre,D'accord,Souvent,Rarement,Jamais,Jamais,
16/06/2025 09:48:34,18,Femme,Rarement,Jamais,Neutre,Je ne sais pas,D'accord,Neutre,Totalement d'accord,Très souvent,Souvent,Jamais,Jamais,
16/06/2025 10:11:48,19,Femme,Très souvent,Jamais,Totalement d'accord,Je ne sais pas,Neutre,D'accord,Pas d'accord,Rarement,Souvent,Jamais,Jamais,
16/06/2025 10:13:23,18,Femme,Rarement,Rarement,D'accord,Je ne sais pas,D'accord,D'accord,D'accord,Jamais,Souvent,,Jamais,
16/06/2025 10:15:05,20,Homme,Souvent,Rarement,D'accord,En couleur,D'accord,Neutre,D'accord,Rarement,Rarement,Rarement,Rarement,
16/06/2025 10:24:03,19,Femme,Rarement,Rarement,D'accord,En couleur,D'accord,Pas d'accord,D'accord,Souvent,Rarement,Jamais,Jamais,
16/06/2025 10:24:51,19,Femme,Souvent,Rarement,Neutre,En couleur,Neutre,D'accord,D'accord,Rarement,Très souvent,Jamais,Rarement,
16/06/2025 10:27:21,55,Homme,Souvent,Rarement,Totalement d'accord,Je ne sais pas,Neutre,Pas d'accord,Pas d'accord,Souvent,Souvent,Jamais,Jamais,
16/06/2025 10:49:27,22,Homme,Souvent,Rarement,Totalement d'accord,En couleur,D'accord,Totalement d'accord,Totalement d'accord,Jamais,Souvent,Jamais,Rarement,
16/06/2025 11:11:26,18,Femme,Rarement,Rarement,Pas d'accord,En couleur,Neutre,Pas d'accord,D'accord,Rarement,Souvent,Jamais,Jamais,
16/06/2025 12:31:23,17,Femme,Souvent,Rarement,Neutre,En couleur,Neutre,Pas d'accord,Pas d'accord,Rarement,Jamais,Jamais,Jamais,Bon courage Iness !!
16/06/2025 12:44:15,18,Femme,Souvent,Souvent,Neutre,En couleur,D'accord,Pas d'accord,Neutre,Souvent,Jamais,Jamais,Jamais,
16/06/2025 12:45:46,24,Femme,Jamais,Rarement,Neutre,En couleur,D'accord,Totalement d'accord,Totalement d'accord,Souvent,Souvent,Jamais,Rarement,
16/06/2025 12:53:21,20,Femme,Rarement,Rarement,D'accord,Les deux,Neutre,Neutre,D'accord,Très souvent,Jamais,Jamais,Rarement,
16/06/2025 13:09:07,18,Femme,Rarement,Jamais,Totalement d'accord,En couleur,Pas d'accord,Totalement d'accord,Pas d'accord,Rarement,Rarement,Jamais,Jamais,
16/06/2025 13:20:06,19,Femme,Souvent,Rarement,D'accord,En couleur,Neutre,Totalement d'accord,D'accord,Souvent,Rarement,Jamais,Jamais,
16/06/2025 13:37:18,18,Femme,Souvent,Rarement,D'accord,Je ne sais pas,D'accord,Pas du tout d'accord,D'accord,Souvent,Rarement,Jamais,Jamais,
16/06/2025 14:10:25,19,Homme,Souvent,Je ne sais pas,D'accord,En couleur,Neutre,D'accord,Totalement d'accord,Souvent,Rarement,Rarement,Jamais,
16/06/2025 14:27:00,18,Femme,Très souvent,Rarement,Totalement d'accord,En couleur,Neutre,D'accord,Totalement d'accord,Rarement,Rarement,Jamais,Rarement,
16/06/2025 15:21:20,18,Femme,Rarement,Rarement,Neutre,En couleur,D'accord,Neutre,Neutre,Souvent,Rarement,Souvent,Jamais,
16/06/2025 15:34:49,30,Femme,Rarement,Rarement,D'accord,En couleur,Pas du tout d'accord,Pas d'accord,Pas du tout d'accord,Jamais,Rarement,Souvent,Jamais,
16/06/2025 15:43:17,19,Femme,Souvent,Jamais,Neutre,En couleur,Totalement d'accord,D'accord,Neutre,Souvent,Souvent,Rarement,Jamais,
16/06/2025 15:46:25,18,Femme,Rarement,Rarement,D'accord,En couleur,Pas du tout d'accord,Pas d'accord,D'accord,Rarement,Jamais,Jamais,Jamais,
16/06/2025 15:50:23,20,Femme,Souvent,Rarement,D'accord,En couleur,Totalement d'accord,D'accord,D'accord,Souvent,Rarement,Rarement,Jamais,
16/06/2025 16:19:12,20,Femme,Rarement,Rarement,D'accord,En couleur,Pas d'accord,Neutre,Pas d'accord,Rarement,Jamais,Jamais,Jamais,
16/06/2025 16:21:18,20,Femme,Rarement,Rarement,Totalement d'accord,En couleur,D'accord,D'accord,Pas du tout d'accord,Souvent,Rarement,Souvent,Jamais,
16/06/2025 16:24:27,21,Homme,Rarement,Jamais,Totalement d'accord,En couleur,Neutre,D'accord,Pas du tout d'accord,Jamais,Jamais,Jamais,Jamais,
16/06/2025 16:25:23,21,Femme,Souvent,Rarement,D'accord,En couleur,Neutre,D'accord,D'accord,Souvent,Rarement,Jamais,Jamais,
16/06/2025 16:28:42,20,Femme,Souvent,Souvent,D'accord,En couleur,Pas d'accord,D'accord,Pas d'accord,Jamais,Souvent,Rarement,Jamais,
16/06/2025 16:29:00,21,Femme,Souvent,Rarement,D'accord,En couleur,Neutre,D'accord,Neutre,Rarement,Jamais,Jamais,Jamais,
16/06/2025 16:29:11,22,Femme,Souvent,Souvent,D'accord,En couleur,Pas d'accord,Totalement d'accord,Totalement d'accord,Souvent,Jamais,Jamais,Jamais,
16/06/2025 16:30:02,20,Homme,Rarement,Je ne sais pas,Totalement d'accord,En couleur,Pas du tout d'accord,Pas d'accord,Pas du tout d'accord,Jamais,Jamais,Souvent,Jamais,Votre réponse 
16/06/2025 16:30:21,21,Femme,Souvent,Rarement,D'accord,En couleur,Pas d'accord,Pas d'accord,Totalement d'accord,Rarement,Rarement,Jamais,Jamais,
16/06/2025 16:30:31,,Femme,Très souvent,Rarement,Totalement d'accord,En couleur,Neutre,Totalement d'accord,D'accord,Très souvent,Très souvent,Souvent,Jamais,
16/06/2025 16:30:40,21,Femme,Rarement,Rarement,D'accord,En couleur,Neutre,Totalement d'accord,Pas d'accord,Rarement,Jamais,Jamais,Jamais,je suis poisson (signe astro)
16/06/2025 16:31:37,21,Femme,Souvent,Rarement,Totalement d'accord,En couleur,D'accord,D'accord,D'accord,Souvent,Rarement,Jamais,Jamais,
16/06/2025 16:31:49,21,Femme,Rarement,Rarement,D'accord,,Neutre,Totalement d'accord,D'accord,Souvent,Jamais,Jamais,Jamais,
16/06/2025 16:32:05,21,Homme,Souvent,Rarement,Neutre,En couleur,Pas d'accord,D'accord,Neutre,Rarement,Souvent,Jamais,Jamais,
16/06/2025 16:32:09,21,Homme,Souvent,Souvent,D'accord,Je ne sais pas,D'accord,D'accord,Pas d'accord,Très souvent,Souvent,Rarement,Jamais,
16/06/2025 16:32:23,21,Femme,Très souvent,Souvent,Totalement d'accord,En couleur,D'accord,D'accord,Neutre,Souvent,Rarement,Jamais,Rarement,
16/06/2025 16:32:47,,Femme,Rarement,Rarement,Totalement d'accord,En couleur,Pas d'accord,Pas d'accord,Pas du tout d'accord,Rarement,Jamais,Jamais,Jamais,
16/06/2025 16:32:47,21,Homme,Rarement,Souvent,Neutre,En couleur,D'accord,Pas d'accord,Pas d'accord,Souvent,Jamais,Jamais,Jamais,
16/06/2025 16:34:17,20,Femme,Jamais,Je ne sais pas,Neutre,En couleur,Neutre,Pas d'accord,Pas du tout d'accord,Rarement,Rarement,Jamais,Jamais,
16/06/2025 16:36:43,20,Femme,Souvent,Rarement,Totalement d'accord,En couleur,D'accord,D'accord,D'accord,Souvent,Souvent,Rarement,Jamais,
16/06/2025 16:37:00,22,Femme,Rarement,Souvent,Neutre,En couleur,D'accord,Totalement d'accord,Totalement d'accord,Très souvent,Jamais,Rarement,Jamais,
16/06/2025 16:41:41,21,Femme,Rarement,Rarement,D'accord,En couleur,Neutre,Neutre,D'accord,Très souvent,Souvent,Jamais,Jamais,
16/06/2025 16:44:38,20,Homme,Rarement,Rarement,D'accord,En couleur,Pas d'accord,Neutre,Pas d'accord,Souvent,Rarement,Jamais,Jamais,
16/06/2025 16:50:14,68,Femme,Rarement,Jamais,D'accord,Les deux,Pas d'accord,Pas du tout d'accord,Pas du tout d'accord,Jamais,Jamais,Jamais,Jamais,
16/06/2025 16:51:36,20,Homme,Souvent,Rarement,D'accord,En couleur,D'accord,D'accord,D'accord,Rarement,Jamais,Jamais,Jamais,
16/06/2025 16:53:49,,Homme,Souvent,Rarement,D'accord,En couleur,Pas du tout d'accord,Neutre,Totalement d'accord,Rarement,Souvent,Jamais,Jamais,
16/06/2025 17:01:50,21,Homme,Souvent,Rarement,Totalement d'accord,Les deux,Totalement d'accord,D'accord,D'accord,Rarement,Rarement,Jamais,Jamais,
16/06/2025 17:09:06,19,Homme,Souvent,Rarement,Totalement d'accord,En couleur,D'accord,Pas d'accord,Pas d'accord,Jamais,Souvent,Jamais,Rarement,
16/06/2025 17:11:25,22,Homme,Rarement,Rarement,Totalement d'accord,Les deux,Totalement d'accord,Pas d'accord,D'accord,Très souvent,Rarement,Jamais,Jamais,
16/06/2025 17:11:32,20,Femme,Très souvent,Souvent,Totalement d'accord,En couleur,D'accord,Totalement d'accord,D'accord,Souvent,Souvent,Rarement,Jamais,
16/06/2025 17:23:20,21,Homme,Rarement,Jamais,D'accord,En couleur,Neutre,D'accord,Pas d'accord,Jamais,Jamais,Jamais,Jamais,
16/06/2025 17:44:34,21,Homme,Très souvent,Rarement,Neutre,Les deux,D'accord,D'accord,Neutre,Jamais,Souvent,Jamais,Jamais,
16/06/2025 17:52:52,18,Femme,Très souvent,Rarement,Totalement d'accord,Les deux,Totalement d'accord,Totalement d'accord,Totalement d'accord,Souvent,Souvent,Rarement,Jamais,
16/06/2025 20:02:13,18 ans ,Femme,Très souvent,Rarement,D'accord,En couleur,D'accord,D'accord,Totalement d'accord,Rarement,Souvent,Jamais,Jamais,
16/06/2025 20:43:32,22,Femme,Rarement,Rarement,Totalement d'accord,En couleur,Pas d'accord,Pas du tout d'accord,Pas du tout d'accord,Rarement,Rarement,Rarement,Jamais,
16/06/2025 20:51:30,19,Femme,Très souvent,Rarement,D'accord,En couleur,Totalement d'accord,Neutre,D'accord,Souvent,Rarement,Jamais,Jamais,
16/06/2025 22:42:10,19,Homme,Souvent,Tous les jours,Pas d'accord,En couleur,D'accord,D'accord,Pas du tout d'accord,Très souvent,Rarement,Jamais,Jamais,
16/06/2025 23:00:31,18,Femme,Souvent,Rarement,Totalement d'accord,Les deux,D'accord,D'accord,Totalement d'accord,Très souvent,Jamais,Jamais,Jamais,
17/06/2025 04:07:02,19,Femme,Rarement,Jamais,D'accord,Les deux,D'accord,D'accord,Pas du tout d'accord,Rarement,Souvent,Jamais,Jamais,
17/06/2025 06:16:23,18,Femme,Souvent,Rarement,Totalement d'accord,En couleur,D'accord,Totalement d'accord,D'accord,Rarement,Rarement,Rarement,Jamais,
17/06/2025 07:48:30,26,Femme,Rarement,Je ne sais pas,Pas d'accord,En couleur,Pas du tout d'accord,Pas d'accord,Pas d'accord,Jamais,Jamais,Rarement,Jamais,
17/06/2025 08:18:48,17,Homme,Très souvent,Rarement,Neutre,Les deux,D'accord,Neutre,D'accord,Souvent,Souvent,Jamais,Jamais,
17/06/2025 09:37:34,20,Femme,Rarement,Rarement,D'accord,,Neutre,Neutre,Pas d'accord,Rarement,Rarement,Jamais,Jamais,
17/06/2025 10:19:54,21,Femme,Souvent,Souvent,D'accord,En couleur,D'accord,Totalement d'accord,Neutre,Souvent,Très souvent,Souvent,Jamais,"Les cauchemars, les rêves conscients et la paralysie du sommeil sont la cause de ma pathologie : narcolepsie "
18/06/2025 13:13:12,19,Femme,Rarement,Rarement,D'accord,En couleur,D'accord,Pas d'accord,Pas d'accord,Souvent,Jamais,Jamais,Jamais,
18/06/2025 23:03:37,47,Femme,Souvent,Rarement,D'accord,En couleur,D'accord,D'accord,D'accord,Souvent,Souvent,Jamais,Rarement,